,alpha,beta,t_alpha,t_beta,r_squared
Winner,0.01938816487694194,1.0725833827393805,9.90508883515461,24.247895458397025,0.6869014158784339
Loser,0.0020442814762786287,1.5638279181552777,0.855295518039059,28.95248071305359,0.7577392675596328
Winner-Loser,0.016200556760477512,-0.4895864364051691,5.2366811929823065,-7.002883291511312,0.15468179561730522
