alpha,t_alpha,beta_mkt,beta_smb,beta_hml,r_squared
0.017014643154785878,5.4028616063443495,-0.5099832135056457,0.09726361111558517,-0.13638074463785219,0.17121924083305806
